<?xml version="1.0" encoding="UTF-8"?>
<!DOCTYPE suite SYSTEM "https://testng.org/testng-1.0.dtd">
<suite parallel = "tests" name="Suite" thread-count="3">

<listeners>
<listener class-name="rahulshettyacademy.TestComponents.Listeners"/>
</listeners>

  <test parallel="classes" thread-count="5" name="Submit Order Test">
    <classes>
      <class name="rahulshettyacademy.tests.SubmitOrderTest"/>
      <!--class name="rahulshettyacademy.tests.ErrorValidationsTest"/-->

    </classes>
  </test> <!-- Test -->
  
  <test thread-count="5" name="Error Validations Test">
    <classes>
      <class name="rahulshettyacademy.tests.ErrorValidationsTest"/>
    </classes>
  </test> <!-- Test -->
</suite> <!-- Suite -->


